CREATE DATABASE HEALTH_INSURANCE_SYSTEM;

USE HEALTH_INSURANCE_SYSTEM;
GO

---------------------CREATING TABLES-------------------------
CREATE TABLE MEMBER(
	MEMBER_ID				INT IDENTITY(1,1) NOT NULL PRIMARY KEY,
	SSN						VARCHAR(9),
	FIRST_NAME				VARCHAR(50),
	LAST_NAME				VARCHAR(50),
	BIRTH_DATE				DATE,
	GENDER					CHAR(1),
	MARITAL_STATUS			VARCHAR(10),
	ETHNICITY				VARCHAR(30),
	CARD_ID					INT,
	GROUP_ID				INT,
	BILLING_ID				INT,
	)

CREATE TABLE HEALTHCARD(
	CARD_ID						INT IDENTITY(1,1) NOT NULL PRIMARY KEY,
	ID_CARD_ISSUE_DATE			DATE,
	CARD_STATUS					VARCHAR(20),
	ID_CARD_TERMINATION_DATE	DATE
)

CREATE TABLE POLICY(
	POLICY_ID				INT IDENTITY(1,1) NOT NULL PRIMARY KEY,
	POLICY_START_DATE		DATE,
	POLICY_END_DATE			DATE,
	GROUP_ID				INT,
	COVERAGE_ID				INT
)
 
CREATE TABLE MEMBER_POLICY(
	POLICY_ID		INT NOT NULL,
	MEMBER_ID		INT NOT NULL 
)

ALTER TABLE MEMBER_POLICY
ADD CONSTRAINT PKMEMBER_POLICY PRIMARY KEY(POLICY_ID,MEMBER_ID)

CREATE TABLE COVERAGE(
	COVERAGE_ID			INT IDENTITY(1,1) NOT NULL PRIMARY KEY,
	COVERAGE_TYPE		VARCHAR(100),
	AMOUNT				MONEY,
) 

CREATE TABLE [GROUP](
	GROUP_ID					INT IDENTITY(1,1)NOT NULL PRIMARY KEY,
	GROUP_NAME					VARCHAR(50),
	GROUP_SIZE                  INT,
	GROUP_EFFECTIVE_DATE		DATE,
	GROUP_TERMINATON_DATE		DATE,
)

CREATE TABLE CONTACT(
	CONTACT_ID			INT IDENTITY(1,1) NOT NULL PRIMARY KEY,
	EMAIL				VARCHAR(50),
	PHONE_NUMBER		VARCHAR(12),
	MEMBER_ID			INT
)

CREATE TABLE ADDRESSINFO(
	ADDRESSINFO_ID		INT IDENTITY(1,1) NOT NULL PRIMARY KEY,
	ADDRESS_LINE_1		VARCHAR(100),
	ADDRESS_LINE_2		VARCHAR(100),
	CITY_NAME			VARCHAR(100),
	COUNTRY_NAME		VARCHAR(100),
	POSTAL_CODE			VARCHAR(10),
	MEMBER_ID			INT
)

CREATE TABLE BILLING(
	BILLING_ID			INT NOT NULL PRIMARY KEY,
	PAYMENT_MODE_ID		INT,
	BILL_AMOUNT			MONEY,
	PAID_DATE			DATE,
	DUE_DATE			DATE,
	BILL_DATE			DATE,
	BILL_STATUS			VARCHAR(20)
)

CREATE TABLE PAYMENT_MODE(
	PAYMENT_MODE_ID		INT IDENTITY(1,1) NOT NULL PRIMARY KEY,
	PAYMENT_TYPE		VARCHAR(100),
) 

CREATE TABLE CLAIM(
	CLAIM_ID			INT IDENTITY(1,1) NOT NULL PRIMARY KEY,
	CLAIM_TYPE_ID       INT,
	CLAIM_AMOUNT		MONEY,
	CLAIM_STATUS		VARCHAR(20),
	MEMBER_ID			INT
)

CREATE TABLE CLAIM_TYPE(
	CLAIM_TYPE_ID		INT IDENTITY(1,1) NOT NULL PRIMARY KEY,
	CLAIM_TYPE			VARCHAR(100)
)

---------CREATE RELATIONSHIPS----------
ALTER TABLE MEMBER
ADD CONSTRAINT FKHEALTHCARD FOREIGN KEY(CARD_ID)
REFERENCES HEALTHCARD(CARD_ID) 

ALTER TABLE MEMBER_POLICY
ADD CONSTRAINT FKMEMBER FOREIGN KEY(MEMBER_ID)
REFERENCES MEMBER(MEMBER_ID) 

ALTER TABLE MEMBER_POLICY
ADD CONSTRAINT FKPOLICY FOREIGN KEY(POLICY_ID)
REFERENCES POLICY(POLICY_ID) 

ALTER TABLE BILLING
ADD CONSTRAINT FKPAYMENT_MODE FOREIGN KEY(PAYMENT_MODE_ID)
REFERENCES PAYMENT_MODE(PAYMENT_MODE_ID) 

ALTER TABLE MEMBER
ADD CONSTRAINT FKBILLING1 FOREIGN KEY(BILLING_ID)
REFERENCES BILLING(BILLING_ID) 

ALTER TABLE CLAIM
ADD CONSTRAINT FKCLAIM_TYPE FOREIGN KEY(CLAIM_TYPE_ID)
REFERENCES CLAIM_TYPE(CLAIM_TYPE_ID) 

ALTER TABLE CLAIM
ADD CONSTRAINT FKMEMBER1 FOREIGN KEY(MEMBER_ID)
REFERENCES MEMBER(MEMBER_ID)

ALTER TABLE MEMBER
ADD CONSTRAINT FKGROUP FOREIGN KEY(GROUP_ID)
REFERENCES [GROUP](GROUP_ID)

ALTER TABLE CONTACT
ADD CONSTRAINT FKMEMBER2 FOREIGN KEY(MEMBER_ID)
REFERENCES MEMBER(MEMBER_ID)

ALTER TABLE POLICY
ADD CONSTRAINT FKGROUP1 FOREIGN KEY(GROUP_ID)
REFERENCES [GROUP](GROUP_ID)

ALTER TABLE POLICY
ADD CONSTRAINT FKCOVERAGE FOREIGN KEY(COVERAGE_ID)
REFERENCES COVERAGE(COVERAGE_ID) 

ALTER TABLE ADDRESSINFO
ADD CONSTRAINT FKMEMBER4 FOREIGN KEY(MEMBER_ID)
REFERENCES MEMBER(MEMBER_ID) 
 
--DML SCRIPTS
INSERT CLAIM_TYPE(CLAIM_TYPE)
VALUES ('Preferred Provider Organization (PPO)'),
       ('Health Maintenance Organization (HMO)'),
	   ('Point of Service (POS)'),
	   ('Exclusive Provider Organization (EPOs)'),
	   ('Indemnity Health Insurance Plans'),
	   ('Health Savings Account (HSA)'),
	   ('Qualified Small Employer Health Reimbursement Arrangements (QSEHRAs)')

INSERT PAYMENT_MODE(PAYMENT_TYPE)
VALUES('CASH'),
      ('CREDIT CARD'),
      ('DEBIT CARD'),
	  ('ONLINE'),
	  ('CHECKS'),
	  ('DIRECT DEBIT'),
	  ('MONEY ORDERS'),
      ('MOBILE PAYMENT'),
	  ('PERIOD CARD')	  

INSERT BILLING(BILLING_ID,BILL_STATUS,BILL_DATE,PAID_DATE,DUE_DATE,PAYMENT_MODE_ID)
VALUES	(1,'PAID','2000-05-19','2000-08-12','2000-08-12',1),
		(2,'NOT PAID','2000-07-16','2000-04-15','2000-06-15',2),
		(3,'PAID','2000-06-09','2000-03-16','2000-01-16',3),
		(4,'PAID','2000-04-17','2000-02-12','2000-07-17',4),
		(5,'PAID','2000-03-19','2000-09-27','2000-04-12',5),
		(6,'PAID','2000-02-20','2000-08-25','2000-06-14',6),
		(7,'NOT PAID','2000-06-18','2000-11-20','2000-01-15',7),
		(8,'PAID','2000-06-10','2000-10-19','2000-02-16',8),
		(9,'PAID','2000-08-17','2000-09-12','2000-03-17',9),
		(10,'PAID','2000-04-16','2000-08-24','2000-06-18',1),
		(11,'PAID','2000-05-22','2000-08-23','2000-08-11',1),
		(12,'PAID','2000-06-20','2000-09-01','2000-07-15',2),
		(13,'PAID','2000-07-19','2000-08-02','2000-08-10',2),
		(14,'PAID','2000-08-15','2000-09-23','2000-11-12',3),
		(15,'NOT PAID','2000-04-19','2000-08-22','2000-08-12',3),
		(16,'PAID','2000-03-29','2000-01-21','2000-11-10',4),
		(17,'PAID','2000-08-30','2000-02-10','2000-12-12',4),
		(18,'PAID','2000-07-29','2000-03-15','2000-07-19',5),
		(19,'PAID','2000-05-10','2000-04-18','2000-08-20',5),
		(20,'PAID','2000-09-19','2000-05-18','2000-09-17',6)

INSERT [GROUP] (GROUP_NAME,GROUP_SIZE,GROUP_EFFECTIVE_DATE,GROUP_TERMINATON_DATE)
VALUES	('UNH',10000,'1990-09-20','2020-08-28'),
		('CSULA',20000,'1991-04-21','2021-06-27'),
		('ANTHEM',80000,'1989-08-30','2022-06-04'),
		('LMU',15000,'1980-05-05','2021-11-28'),
		('YELE',17000,'1989-09-22','2022-08-22'),
		('INDIVIDUAL',10000,'1980-06-25','2024-06-30')

INSERT COVERAGE(COVERAGE_TYPE,AMOUNT)
VALUES ('Preferred Provider Organization (PPO)','1400.00'),
       ('Health Maintenance Organization (HMO)','1500.00'),
	   ('Point of Service (POS)','2000.00'),
	   ('Exclusive Provider Organization (EPOs)','2200.00'),
	   ('Indemnity Health Insurance Plans','1200.00'),
	   ('Health Savings Account (HSA)','1900.00'),
	   ('Qualified Small Employer Health Reimbursement Arrangements (QSEHRAs)','2800.00')

INSERT POLICY (POLICY_START_DATE,POLICY_END_DATE,GROUP_ID,COVERAGE_ID) 
VALUES		('2000-07-18','2021-07-18',4,1),
			('2001-09-08','2020-09-08',6,3),
			('2003-09-19','2021-09-19',1,2),
			('2004-08-05','2022-08-05',1,5),
			('2005-01-18','2021-01-18',2,7),
			('2006-09-18','2019-09-18',3,2),
			('2008-08-18','2021-07-18',6,3),
			('2000-06-26','2020-09-19',5,4),
			('2002-09-16','2019-07-15',6,5),
			('2000-11-03','2020-12-01',5,6),
			('2002-05-10','2019-12-19',5,7),
			('2019-09-22','2021-09-22',4,2),
			('2018-11-09','2020-09-17',3,2),
			('2019-07-29','2020-07-20',1,4),
			('2008-05-25','2021-07-25',1,5),
			('2009-09-27','2022-08-28',2,7),
			('2010-08-19','2021-09-20',2,6),
			('2011-09-21','2023-11-18',6,4),
			('2017-07-25','2021-07-28',6,5),
			('2018-09-26','2024-09-18',1,7)


INSERT HEALTHCARD (CARD_STATUS,ID_CARD_ISSUE_DATE,ID_CARD_TERMINATION_DATE)
VALUES		('ACTIVE','2000-01-01','2020-01-01'),
			('ACTIVE','2001-03-14','2021-03-14'),
			('ACTIVE','1999-02-16','2022-01-01'),
			('INACTIVE','2002-11-21','2008-11-21'),
			('ACTIVE','2005-09-06','2020-09-06'),
			('ACTIVE','2007-08-16','2019-08-16'),
			('ACTIVE','2000-01-01','2021-01-01'),
			('ACTIVE','2008-09-17','2019-09-17'),
			('IN PROGRESS','2018-11-28','2030-11-28'),
			('ACTIVE','2000-01-01','2021-01-01'),
			('ACTIVE','2007-10-26','2021-10-26'),
			('ACTIVE','2000-11-06','2020-11-06'),
			('ACTIVE','2009-01-17','2019-01-17'),
			('ACTIVE','2000-09-18','2020-09-18'),
			('ACTIVE','2008-09-08','2019-09-08'),
			('INACTIVE','2009-12-12','2019-12-12'),
			('ACTIVE','2008-01-12','2020-01-12'),
			('ACTIVE','2001-08-15','2019-08-15'),
			('ACTIVE','2001-05-16','2021-05-16'),
			('INACTIVE','2004-07-18','2016-08-19')
	
INSERT MEMBER (SSN,FIRST_NAME,LAST_NAME,BIRTH_DATE,GENDER,MARITAL_STATUS,ETHNICITY,CARD_ID,GROUP_ID,BILLING_ID)
VALUES		  ('645976134','KATYAYANI','MODI','1994-08-04','F','SINGLE','ASIAN',1,4,3),
	          ('789435234','SRINU','POLIREDDI','1988-09-27','M','SINGLE','ASIAN',2,6,4),
			  ('890563167','SMIT','BHATT','1994-03-12','M','SINGLE','ASIAN',3,1,5),
			  ('986734235','GYANDA','MODI','1994-06-26','F','MARRIED','ASIAN',4,1,6),
			  ('785342674','PRARABDH','MODI','1998-11-15','M','SINGLE','ASIAN',5,2,7),
			  ('654246789','SHARANAM','MODI','2000-06-26','M','SINGLE','ASIAN',6,3,8),
			  ('789435679','SUSHMITHA','BATTA','1994-04-25','F','SINGLE','ASIAN',7,6,9),
			  ('567432132','RAJI','PREM','1988-03-21','F','MARRIED','ASIAN',8,5,10),
			  ('975463233','SANTOSH','REDDY','1992-08-15','M','SINGLE','ASIAN',9,6,1),
			  ('456321789','SHUCHINTHA','SRINIVAS','1991-05-28','M','SINGLE','ASIAN AMERICAN',10,5,2),
			  ('975436231','ANISHA','PARKAR','1994-03-05','F','SINGLE','ASIAN',11,5,13),
			  ('975620664','KRUNAL','MISTRY','1994-08-27','M','SINGLE','ASIAN',12,4,14),
			  ('142356876','DIVYA','PATEL','1989-04-21','F','MARRIED','ASIAN',13,3,15),
			  ('907546283','KIRAN','PATEL','1994-01-15','F','SINGLE','ASIAN',14,1,16),
			  ('679153451','STEVE','LOBO','1995-03-12','O','SINGLE','AMERICAN',15,1,17),
			  ('674351234','VIRAL','CHAUDHARY','1995-09-09','F','SINGLE','AFRICAN',16,2,18),
			  ('789546345','JAIMIN','BHATT','1994-11-30','M','SINGLE','ASIAN',17,2,19),
			  ('679153451','DARSHAN','PATEL','1995-01-28','M','MARRIED','ASIAN',18,6,20),
			  ('679153451','SHYAM','SANGHADIA','1995-08-19','M','SINGLE','ASIAN',19,6,11),
			  ('679153451','MEGHAL','GHANDHI','1994-01-13','M','MARRIED','ASIAN',20,1,12)

INSERT MEMBER_POLICY(POLICY_ID,MEMBER_ID)
VALUES	(1,1),
		(2,2),
		(3,3),
		(4,4),
		(5,5),
		(6,6),
		(7,7),
		(8,8),
		(9,9),
		(10,10),
		(11,11),
		(12,12),
		(13,13),
		(14,14),
		(15,15),
		(16,16),
		(17,17),
		(18,18),
		(19,19),
		(20,20)

INSERT CONTACT(MEMBER_ID,EMAIL,PHONE_NUMBER)
VALUES  (2,'KATYAYANIMODI@GMAIL.COM','4242286513'),
		(3,'HAYDJFHURTH@GMAIL.COM','67845367821'),
		(4,'YUHATEUGVJFGDR@GMAIL.COM','7893564251'),
		(5,'TYAYFHJDRU38@GMAIL.COM','7893564356'),
		(6,'KATYUEYRYAGG48@GMAIL.COM','6755647823'),
		(7,'HTJSTYEGF@GMAIL.COM','4563425647'),
		(8,'YRUGUFJKDSGIUR@GMAIL.COM','4242686644'),
		(9,'HFDKYFRHDSKHFUIGS@HOTMAIL.COM','4492663854'),
		(10,'KSHTISAHFHDKGHKS@GMAIL.COM','875648994'),
		(11,'LADSUTIHSGHGHFUDU@GMAIL.COM','7656826477'),
		(2,'KTYUEHHSHF68@GMAIL.COM',NULL),
		(13,'SRINUPOLIREDDI@GMAIL.COM','4492663854'),
		(14,'SMITBHATT@GMAIL.COM','9427563927'),
		(5,NULL,'6473974345'),
		(15,'KTYUKAUSHDLE@GMAIL.COM','5674839467'),
		(17,'SHARANAMMODI@GMAIL.COM','6478392657'),
		(16,'KSHATOAHDGH@GMAIL.COM','8756738565'),
		(18,'YAITJRHTIHKFG@GMAIL.COM','2846548568'),
		(19,'LSKDHFUIRUHG@GMAIL.COM','6584935654'),
		(20,'LAHDURJD@GMAIL.COM','6543986578')

INSERT ADDRESSINFO(MEMBER_ID,ADDRESS_LINE_1,ADDRESS_LINE_2,CITY_NAME,COUNTRY_NAME,POSTAL_CODE)
VALUES	(1,'2050 Bamako','','Washington','USA','20550'),
		(2,'7100 Athens','APT-05','Washington','USA','20521'),
		(3,'8400 London','APT-10','Washington','USA','20521'),
		(4,'5520 Quebec','','Washington','USA','205215520'),
		(5,'6170 Peshwar','APT-08','Washington','USA','16170'),
		(6,'2430 Nouakott','APT-11','Washington','USA','12430'),
		(7,'4150 Sydney','APT-67','SAN DIAGO','USA','14150'),
		(8,'2880 Nulla St.','','Mississippi','USA','96522'),
		(9,'37 Ullamcorper','APT-76','NEW YORK','USA','11523'),
		(10,'859 Sit Rd','APT-199','NEW YORK','USA','39531'),
		(11,'7292 Dictum Av.','','SAN DIAGO','USA','68457'),
		(12,'8679 Sodales Av.','APT-536','NEW MAXICO','USA','78645'),
		(13,'103 Integer Rd.','APT-07','OHIO','USA','67974'),
		(14,'2050 KGSITJ','','Washington','USA','78064'),
		(15,'594 CAMPBELL AV.','APT-15','CONNECTICUT','USA','06516'),
		(16,'590 Integer','','OHIO','USA','67965'),
		(2,'20 Ullamcorper','','Washington','USA','92050'),
		(19,'29 Dictum ','APT-08','DELAWARE','USA','20578'),
		(20,'90 CAMPBELLE','','OHIO','USA','78654'),
		(18,'29 Bamako','APT-143','Washington','USA','12050')

INSERT CLAIM(CLAIM_TYPE_ID,CLAIM_AMOUNT,CLAIM_STATUS,MEMBER_ID)
VALUES	(1,'100.00','ACTIVE',1),
		(2,'00.00','NON ACTIVE',2),
		(3,'00.00','ACTIVE',3),
		(4,'150.00','ACTIVE',4),
		(5,'100.00','NON ACTIVE',6),
		(6,'120.00','ACTIVE',10),
		(1,'00.00','ACTIVE',11),
		(1,'00.00','ACTIVE',5),
		(2,'130.00','ACTIVE',12),
		(6,'1000.00','ACTIVE',19),
		(7,'1008.00','ACTIVE',16),
		(6,'1500.00','ACTIVE',20),
		(7,'00.00','ACTIVE',13),
		(2,'180.00','NON ACTIVE',14),
		(1,'1000.00','ACTIVE',15),
		(5,'1300.00','ACTIVE',17),
		(2,'1900.00','ACTIVE',18),
		(3,'1700.00','ACTIVE',7),
		(4,'500.00','NON ACTIVE',9),
		(7,'00.00','ACTIVE',8)

--SELECT QUERY
SELECT * FROM MEMBER
SELECT * FROM HEALTHCARD
SELECT * FROM CLAIM
SELECT * FROM CLAIM_TYPE
SELECT * FROM CONTACT
SELECT * FROM COVERAGE
SELECT * FROM ADDRESSINFO
SELECT * FROM BILLING
SELECT * FROM [GROUP]
SELECT * FROM MEMBER_POLICY
SELECT * FROM POLICY
SELECT * FROM PAYMENT_MODE

--UPDATE QUERY
UPDATE BILLING 
SET BILL_AMOUNT =   TEMP.BIL_AMOUNT
FROM (
SELECT BILL.BILLING_ID,(COV.AMOUNT/12) BIL_AMOUNT 
	FROM MEMBER M,
		 COVERAGE COV,
		 BILLING BILL,
	     POLICY P,
		 MEMBER_POLICY MP
	WHERE BILL.BILLING_ID = M.BILLING_ID
	AND MP.POLICY_ID = P.POLICY_ID
	AND P.COVERAGE_ID = COV.COVERAGE_ID
) TEMP
 WHERE BILLING.BILLING_ID = TEMP.BILLING_ID

SELECT *FROM BILLING

--REGULAR QUERY
--QUERY 1, SHOW ALL MEMBERS WHOSE LAST NAME IS 'MODI'

SELECT *
FROM MEMBER
WHERE LAST_NAME = 'MODI'
--QUERY 2, SHOW ALL ADDRESSES OF MEMBER WHOSE ADDRESS SECOND LINE IS EMPTY 

SELECT *
FROM ADDRESSINFO
WHERE ADDRESS_LINE_2 =''

--JOIN QUERY
--QUERY 1, SHOW ALL MEMBERS WHO PAYING BILL BY CASH 

SELECT M.MEMBER_ID,
	   M.FIRST_NAME+' '+M.LAST_NAME MEMBER_NAME,
	   B.BILLING_ID,
	   PM.PAYMENT_TYPE
FROM BILLING B
JOIN MEMBER M
	ON B.BILLING_ID = M.BILLING_ID
JOIN PAYMENT_MODE PM
	ON PM.PAYMENT_MODE_ID = B.PAYMENT_MODE_ID
WHERE PM.PAYMENT_TYPE = 'CASH'

--QUERY 2, FIND OUT ACTIVE HEALTH CARD MEMBERS TO SEND HEALTH CARD IN EMAIL

SELECT H.CARD_ID,
       M.FIRST_NAME+' '+M.LAST_NAME MEMBER_NAME,
	   C.EMAIL,
	   H.CARD_STATUS
FROM HEALTHCARD H
JOIN MEMBER M
	ON H.CARD_ID=M.CARD_ID
JOIN CONTACT C
    ON C.MEMBER_ID= M.MEMBER_ID
	WHERE H.CARD_STATUS = 'IN PROGRESS'
	
--GROUPBY QUERY
--FIND OUT NUMBER OF MEMBERS WHO DID NOT PAY THE BILL YET---
SELECT COUNT(M.MEMBER_ID) TOTAL_MEMBER_NONPAID,
	   B.BILL_STATUS
FROM MEMBER M
JOIN BILLING B
	ON M.BILLING_ID= B.BILLING_ID 
WHERE B.BILL_STATUS='NOT PAID'
GROUP BY BILL_STATUS 

-- LIST OUT THE NUMBER OF MEMBERS OF EACH EHTNICITY
SELECT COUNT(M.ETHNICITY) COUNT_ETHNICITY,
	   M.ETHNICITY 
FROM MEMBER M
GROUP BY ETHNICITY
ORDER BY ETHNICITY DESC

--SUBQUERY
--LIST ALL MESMBERS WHICH ARE ACTIVE NOW 
SELECT M.MEMBER_ID,
	   M.FIRST_NAME+' '+LAST_NAME MEMBER_NAME,
	   M.BIRTH_DATE
FROM MEMBER M
WHERE CARD_ID IN (
	SELECT CARD_ID 
	FROM HEALTHCARD 
	WHERE CARD_STATUS = 'INACTIVE')
	
--LIST ALL MEMBERS AND POLICY DETAILS OF Indemnity Health Insurance Plans COVERAGE

SELECT M.MEMBER_ID,
	   M.FIRST_NAME+' '+LAST_NAME MEMBER_NAME,
	   P.POLICY_START_DATE,
	   P.POLICY_END_DATE
FROM MEMBER M, POLICY P, MEMBER_POLICY MP
WHERE M.MEMBER_ID = MP.MEMBER_ID
AND MP.POLICY_ID = P.POLICY_ID 
AND P.COVERAGE_ID IN (
		SELECT COVERAGE_ID
		FROM COVERAGE
		WHERE COVERAGE_TYPE = 'Indemnity Health Insurance Plans')
